<?xml version="1.0" encoding="UTF-8"?>
<beans xmlns="http://www.springframework.org/schema/beans"
	xmlns:xsi="http://www.w3.org/2001/XMLSchema-instance" xmlns:context="http://www.springframework.org/schema/context"
	xmlns:jdbc="http://www.springframework.org/schema/jdbc" 	
	xmlns:jpa="http://www.springframework.org/schema/data/jpa" xmlns:tx="http://www.springframework.org/schema/tx"
	xsi:schemaLocation="http://www.springframework.org/schema/beans
		http://www.springframework.org/schema/beans/spring-beans-3.1.xsd
		http://www.springframework.org/schema/context
		http://www.springframework.org/schema/context/spring-context-3.1.xsd
		http://www.springframework.org/schema/jdbc
		http://www.springframework.org/schema/jdbc/spring-jdbc-3.1.xsd
		http://www.springframework.org/schema/data/jpa
		http://www.springframework.org/schema/data/jpa/spring-jpa-1.0.xsd
		http://www.springframework.org/schema/tx
		http://www.springframework.org/schema/tx/spring-tx-3.1.xsd">
		
	<jdbc:embedded-database id="productDataSource" type="H2">
		<jdbc:script location="classpath:schema.sql" />
		<jdbc:script location="classpath:test-data.sql" />
	</jdbc:embedded-database>
	
	<bean id="productTransactionManager" class="org.springframework.orm.jpa.JpaTransactionManager">
		<property name="entityManagerFactory" ref="productEMF" />
	</bean>
	
	<tx:annotation-driven transaction-manager="productTransactionManager" />
	
	<bean id="productEMF"
		class="org.springframework.orm.jpa.LocalContainerEntityManagerFactoryBean">
		<property name="dataSource" ref="productDataSource" />
		<property name="jpaVendorAdapter">
			<bean class="org.springframework.orm.jpa.vendor.HibernateJpaVendorAdapter" />
		</property>
		<property name="packagesToScan" value="com.globalmart.product.domain" />
		<property name="jpaProperties">
			<props>
				<prop key="hibernate.dialect">
					org.hibernate.dialect.H2Dialect
				</prop>
				<prop key="hibernate.max_fetch_depth">3</prop>
				<prop key="hibernate.jdbc.fetch_size">50</prop>
				<prop key="hibernate.jdbc.batch_size">10</prop>
				<prop key="hibernate.show_sql">true</prop>
			</props>
		</property>
	</bean>
	
	<context:annotation-config />
	
	<jpa:repositories base-package="com.globalmart.product.repository.impl"	entity-manager-factory-ref="productEMF" transaction-manager-ref="productTransactionManager" />
	
	
	
	
	
	
	<jdbc:embedded-database id="priceDataSource" type="H2">
		<jdbc:script location="classpath:schema.sql" />
		<jdbc:script location="classpath:test-data.sql" />
	</jdbc:embedded-database>
	
	<bean id="priceTransactionManager" class="org.springframework.orm.jpa.JpaTransactionManager">
		<property name="entityManagerFactory" ref="priceEMF" />
	</bean>
	
	<tx:annotation-driven transaction-manager="priceTransactionManager" />
	
	<bean id="priceEMF"
		class="org.springframework.orm.jpa.LocalContainerEntityManagerFactoryBean">
		<property name="dataSource" ref="priceDataSource" />
		<property name="jpaVendorAdapter">
			<bean class="org.springframework.orm.jpa.vendor.HibernateJpaVendorAdapter" />
		</property>
		<property name="packagesToScan" value="com.globalmart.price.domain" />
		<property name="jpaProperties">
			<props>
				<prop key="hibernate.dialect">
					org.hibernate.dialect.H2Dialect
				</prop>
				<prop key="hibernate.max_fetch_depth">3</prop>
				<prop key="hibernate.jdbc.fetch_size">50</prop>
				<prop key="hibernate.jdbc.batch_size">10</prop>
				<prop key="hibernate.show_sql">true</prop>
			</props>
		</property>
	</bean>
	
	<jpa:repositories base-package="com.globalmart.price.repository.impl"	entity-manager-factory-ref="priceEMF" transaction-manager-ref="priceTransactionManager" />
</beans>